Data Source,World Development Indicators,,,,,,,,,,,,,,,,,,,,,,,,,,,,,,,,,,,,,,,,,,,,,,,,,,,,,,,,,,,,,,,,,,
,,,,,,,,,,,,,,,,,,,,,,,,,,,,,,,,,,,,,,,,,,,,,,,,,,,,,,,,,,,,,,,,,,,
Last Updated Date,11/13/2024,,,,,,,,,,,,,,,,,,,,,,,,,,,,,,,,,,,,,,,,,,,,,,,,,,,,,,,,,,,,,,,,,,
,,,,,,,,,,,,,,,,,,,,,,,,,,,,,,,,,,,,,,,,,,,,,,,,,,,,,,,,,,,,,,,,,,,
Country Name,Country Code,Indicator Name,Indicator Code,1960,1961,1962,1963,1964,1965,1966,1967,1968,1969,1970,1971,1972,1973,1974,1975,1976,1977,1978,1979,1980,1981,1982,1983,1984,1985,1986,1987,1988,1989,1990,1991,1992,1993,1994,1995,1996,1997,1998,1999,2000,2001,2002,2003,2004,2005,2006,2007,2008,2009,2010,2011,2012,2013,2014,2015,2016,2017,2018,2019,2020,2021,2022,2023
Aruba,ABW,"Central government debt, total (% of GDP)",GC.DOD.TOTL.GD.ZS,,,,,,,,,,,,,,,,,,,,,,,,,,,,,,,,,,,,,,,,,,,,,,,,,,,,,,,,,,,,,,,,
Afghanistan,AFG,"Central government debt, total (% of GDP)",GC.DOD.TOTL.GD.ZS,,,,,,,,,,,,,,,,,,,,,,,,,,,,,,,,,,,,,,,,,,,,,,,,,,,,,,,,,,,,,,,,
Angola,AGO,"Central government debt, total (% of GDP)",GC.DOD.TOTL.GD.ZS,,,,,,,,,,,,,,,,,,,,,,,,,,,,,,,,,,,,,,,,,,,,,,,,,,,,,,,,,,,,,,,,
Albania,ALB,"Central government debt, total (% of GDP)",GC.DOD.TOTL.GD.ZS,,,,,,,,,,,,,,,,,,,,,,,,,,,,,,,,,,,,,,,,,,,,,,,,,,,,67.40311112,63.3124329,69.90555186,73.00921304,79.39046801,80.3954345,76.34373833,74.0172045,75.37468496,83.26949296,82.11359862,,
Andorra,AND,"Central government debt, total (% of GDP)",GC.DOD.TOTL.GD.ZS,,,,,,,,,,,,,,,,,,,,,,,,,,,,,,,,,,,,,,,,,,,,,,,,,,,,,,,,,,,,,,,,
United Arab Emirates,ARE,"Central government debt, total (% of GDP)",GC.DOD.TOTL.GD.ZS,,,,,,,,,,,,,,,,,,,,,,,,,,,,,,,,,,,,,,,,,,,,,,,,,,,,,,1.845554016,,,,,,,,,,
Argentina,ARG,"Central government debt, total (% of GDP)",GC.DOD.TOTL.GD.ZS,,,,,,,,,,,,,,,,,,,,,,,,,,,,,,,,,,,,,,,,,,,,,,,,,,,,,,,,,,,,,,,,
Armenia,ARM,"Central government debt, total (% of GDP)",GC.DOD.TOTL.GD.ZS,,,,,,,,,,,,,,,,,,,,,,,,,,,,,,,,,,,,,,,,,,,,,,,,,,,,,,,,,,,,50.02842069,63.40121401,60.08035977,46.55189867,
American Samoa,ASM,"Central government debt, total (% of GDP)",GC.DOD.TOTL.GD.ZS,,,,,,,,,,,,,,,,,,,,,,,,,,,,,,,,,,,,,,,,,,,,,,,,,,,,,,,,,,,,,,,,
Antigua and Barbuda,ATG,"Central government debt, total (% of GDP)",GC.DOD.TOTL.GD.ZS,,,,,,,,,,,,,,,,,,,,,,,,,,,,,,,,,,,,,,,,,,,,,,,,,,,,,,,,,,,,,,,,
Australia,AUS,"Central government debt, total (% of GDP)",GC.DOD.TOTL.GD.ZS,,,,,,,,,,,,,,,,,,,,,,,,,,,,,,,12.22772705,11.91897352,14.14554742,17.87421126,20.18876537,,,,,31.06607034,29.52281212,27.69330593,25.8835396,25.07371362,22.86107102,22.4060503,21.43929731,20.09571882,18.1805466,23.86865497,28.66210103,30.09344793,39.4386655,37.55574996,41.71288902,46.46578853,54.64430213,53.26422179,54.42969692,60.14198669,69.21905595,69.90771702,57.97474821,
Austria,AUT,"Central government debt, total (% of GDP)",GC.DOD.TOTL.GD.ZS,,,,,,,,,,,,,,,,,,,,,,,,,,,,,,,,,,,,,,,,64.21289554,64.73978224,65.1858555,67.81187325,66.79101912,66.46179758,74.30583793,70.42261078,66.75668187,71.93825775,83.33165188,85.78626983,85.69650738,90.60038781,87.69659924,95.79962927,95.08426588,94.69463696,89.40540885,84.21549189,83.11997121,99.90690188,94.63867736,75.05117642,
Azerbaijan,AZE,"Central government debt, total (% of GDP)",GC.DOD.TOTL.GD.ZS,,,,,,,,,,,,,,,,,,,,,,,,,,,,,,,,,,,,,,,,,,,,,,,,,4.576537975,6.295012401,6.385575792,,,,,,,,,,22.25475729,16.86849808,,
Burundi,BDI,"Central government debt, total (% of GDP)",GC.DOD.TOTL.GD.ZS,,,,,,,,,,,,,,,,,,,,,,,,,,,,,,,,,,,,,,,,,,,,,,,,,,,,,,,,,,,,,,,,
Belgium,BEL,"Central government debt, total (% of GDP)",GC.DOD.TOTL.GD.ZS,,,,,,,,,,,,,,,,,,,,,,,,,,,,,,,,,,,,125.5765909,127.330165,124.1013347,126.0056648,115.1211711,109.6474721,108.9175914,108.3462015,102.1996084,98.09879706,96.75457719,89.37556635,83.47823149,91.30088439,95.9430278,93.2064544,95.57076435,104.0284993,101.564361,112.3041623,108.5816486,110.1821227,103.8647204,101.3831517,103.366617,119.2694365,108.0102876,94.03943214,
Benin,BEN,"Central government debt, total (% of GDP)",GC.DOD.TOTL.GD.ZS,,,,,,,,,,,,,,,,,,,,,,,,,,,,,,,,,,,,,,,,,,,,,,,,,,,,,,,,,,,,,,,,
Burkina Faso,BFA,"Central government debt, total (% of GDP)",GC.DOD.TOTL.GD.ZS,,,,,,,,,,,,,,,,,,,,,,,,,,,,,,,,,,,,,,,,,,,,,,,,,,,,,,,,,,,45.57386105,47.06236338,73.38519256,55.73601048,62.52560943,
Bangladesh,BGD,"Central government debt, total (% of GDP)",GC.DOD.TOTL.GD.ZS,,,,,,,,,,,,,,,,,,,,,,,,,,,,,,,,,,,,,,,,,,31.46184316,31.86399152,31.20445211,,,,,,,,,,,,,,,,,,,,
Bulgaria,BGR,"Central government debt, total (% of GDP)",GC.DOD.TOTL.GD.ZS,,,,,,,,,,,,,,,,,,,,,,,,,,,,,,,,,,,,,,,56.74663052,66.45590597,61.57245826,61.33398316,52.88148258,47.39991863,40.17672065,31.13794004,27.73789185,24.12291284,17.96763243,20.1600091,20.58913653,19.48171787,21.79621685,22.05393932,32.50248539,30.85154895,35.54411054,32.23505414,28.69915361,26.93617066,32.26059232,32.89592156,30.29895731,
Bahrain,BHR,"Central government debt, total (% of GDP)",GC.DOD.TOTL.GD.ZS,,,,,,,,,,,,,,,,,,,,,,,,,,,,,,,7.675394355,14.40521656,18.73240545,17.01533638,15.72480226,14.93895661,13.90703987,14.91620566,18.61355528,20.83580327,25.74501489,27.10478363,28.37966711,32.4533576,29.3985592,,20.25406056,7.545456326,7.292625656,15.62940229,30.30678959,35.93609868,37.01247804,43.93780385,45.33295948,63.4862586,74.14615642,81.42325905,88.23971823,95.59885022,115.5171158,,,
"Bahamas, The",BHS,"Central government debt, total (% of GDP)",GC.DOD.TOTL.GD.ZS,,,,,,,,,,,,,,,,,,,,,,,,,,,,,,,24.41882502,27.97670322,30.63042779,34.43402329,34.86652347,33.99825022,34.22277639,21.7237965,20.95173286,19.64114437,18.75200428,,,,,,22.77745428,22.99085356,25.45550067,30.90820841,33.69228171,35.30642921,36.44949303,45.10870736,47.02135938,48.29858035,50.78514444,53.52854119,57.41367967,57.82838309,82.25603025,87.39033166,82.15955396,
Bosnia and Herzegovina,BIH,"Central government debt, total (% of GDP)",GC.DOD.TOTL.GD.ZS,,,,,,,,,,,,,,,,,,,,,,,,,,,,,,,,,,,,,,,,,,,,,,,,,,,,44.51952076,49.1277417,45.94231733,49.97213277,,47.94648437,44.97074106,40.83070239,40.26596715,44.73336316,45.38086256,39.92730797,
Belarus,BLR,"Central government debt, total (% of GDP)",GC.DOD.TOTL.GD.ZS,,,,,,,,,,,,,,,,,,,,,,,,,,,,,,,,,25.76086957,5.187817259,75.95571292,16.88006062,11.52012886,12.17146907,20.18054264,15.10311745,15.01445182,11.44061677,12.33668601,,,6.570220588,6.644401832,8.909260816,10.65663437,18.55746198,18.90524573,39.41681084,24.42931342,23.83729556,24.54880852,37.5980986,38.92409841,39.88017996,37.09564601,33.24422862,38.58903327,,,
Belize,BLZ,"Central government debt, total (% of GDP)",GC.DOD.TOTL.GD.ZS,,,,,,,,,,,,,,,,,,,,,,,,,,,,,,,21.24223864,21.40986609,24.62605278,26.36980688,28.05075523,27.57878886,29.36364661,,,,,,50.58769194,66.86593747,78.89862448,69.97580831,67.36618144,64.36059894,62.26725404,65.20254996,64.40432586,62.84934721,61.70439561,61.54051811,61.40752321,,,,,,,,,
Bermuda,BMU,"Central government debt, total (% of GDP)",GC.DOD.TOTL.GD.ZS,,,,,,,,,,,,,,,,,,,,,,,,,,,,,,,,,,,,,,,,,,,,,,,,,,,,,,,,,,,,,,,,
Bolivia,BOL,"Central government debt, total (% of GDP)",GC.DOD.TOTL.GD.ZS,,,,,,,,,,,,,,,,,,,,,,,,,,,,,,,,,,,59.17172417,57.41137939,47.88280662,46.53650541,47.07519259,56.25758298,60.10919774,68.33985276,,,,,,,,,,,,,,,,,,,,,,
Brazil,BRA,"Central government debt, total (% of GDP)",GC.DOD.TOTL.GD.ZS,,,,,,,,,,,,,,,,,,,,,,,,,,,,,,,,,,,,,,,,,,,,,,,,,,,61.31878046,59.3416583,59.84949,57.22840938,58.45727111,67.53755403,73.41880381,83.66920265,86.60788412,92.56525319,98.70988195,85.01150367,79.10232189,
Barbados,BRB,"Central government debt, total (% of GDP)",GC.DOD.TOTL.GD.ZS,,,,,,,,,,,,,,,,,,,,,,,,,,,,,,,,,,,,,,,,,,,,,,63.79162386,62.3690592,66.80162674,71.08832247,86.85426266,95.62389502,100.1463809,112.466438,120.0639706,129.2033209,141.021451,146.4600534,,,,,,,
Brunei Darussalam,BRN,"Central government debt, total (% of GDP)",GC.DOD.TOTL.GD.ZS,,,,,,,,,,,,,,,,,,,,,,,,,,,,,,,,,,,,,,,,,,,,,,,,,,,,,,,,,,,,,,,,
Bhutan,BTN,"Central government debt, total (% of GDP)",GC.DOD.TOTL.GD.ZS,,,,,,,,,,,,,,,,,,,,,,,,,,,,,,,53.34635933,49.38629265,47.48335336,40.94079631,34.44202044,28.26394923,37.85327726,31.93674677,31.08262689,36.09335891,37.29239336,67.167991,54.12178058,65.62876127,71.89933849,75.69571003,71.29755566,59.81107281,57.69652986,53.93674966,51.99716894,58.71603591,68.17759953,90.3688626,86.31077547,82.28779493,93.67291868,95.77868108,95.84782115,90.35735791,111.0078973,,,
Botswana,BWA,"Central government debt, total (% of GDP)",GC.DOD.TOTL.GD.ZS,,,,,,,,,,,,,,,,,,,,,,,,,,,,,,,11.37110325,12.11680206,12.53215057,12.44505995,12.04239764,10.97207607,11.15675555,,,,,,,,,,6.023568087,5.943176413,8.004029974,19.25178187,21.88629705,21.07436228,20.62318079,19.01638129,18.32573361,19.08697767,15.80495231,14.68076918,15.23071514,16.19390431,19.61608146,,,
Central African Republic,CAF,"Central government debt, total (% of GDP)",GC.DOD.TOTL.GD.ZS,,,,,,,,,,,,,,,,,,,,,,,,,,,,,,,,,,,,,,,,,,,,,,,,,,,,,,,,,,,,,,,,
Canada,CAN,"Central government debt, total (% of GDP)",GC.DOD.TOTL.GD.ZS,,,,,,,,,,,,,,,,,,,,,,,,,,,,,,,61.57733778,67.2612084,70.51247432,74.99829326,75.74245049,77.31262198,78.03866793,74.92840957,72.48279976,66.2372993,58.72911398,57.45556056,54.14752779,51.25826664,46.79626929,45.99904472,43.20982457,39.05816209,44.90223531,52.97333349,52.95093893,53.75998485,54.62375596,51.1489295,48.86452784,51.67209092,52.57830902,50.78380728,48.94895137,48.58497478,69.85858306,65.59913838,56.09299293,
Switzerland,CHE,"Central government debt, total (% of GDP)",GC.DOD.TOTL.GD.ZS,,,,,,,,,,,,,,,,,,,,,,,,,,,,,,,12.30361945,13.01774555,15.21261372,18.37417866,19.97895008,22.40791819,22.81857188,24.67153562,26.90462701,24.80091916,25.62717023,24.55430047,29.67368512,28.71227234,29.22624056,29.27163534,25.67886748,23.48146345,23.18757287,21.81531222,21.1733554,21.35430444,21.33605118,20.32442305,20.5629413,20.44871662,19.41492875,20.35252541,18.76316119,19.08351154,20.92675962,20.07300852,18.15449534,
Channel Islands,CHI,"Central government debt, total (% of GDP)",GC.DOD.TOTL.GD.ZS,,,,,,,,,,,,,,,,,,,,,,,,,,,,,,,,,,,,,,,,,,,,,,,,,,,,,,,,,,,,,,,,
Chile,CHL,"Central government debt, total (% of GDP)",GC.DOD.TOTL.GD.ZS,,,,,,,,,,,,,,,,,,,,,,,,,,,,,,,,,,,,17.37231577,14.58447614,12.77982318,12.1152964,13.27700701,13.14564,,,,,,,,,,,,,,,,,,,,,,,
China,CHN,"Central government debt, total (% of GDP)",GC.DOD.TOTL.GD.ZS,,,,,,,,,,,,,,,,,,,,,,,,,,,,,,,,,,,,,,,,,,,,,,,,,,,,,,,,,,,,,,,,
Cote d'Ivoire,CIV,"Central government debt, total (% of GDP)",GC.DOD.TOTL.GD.ZS,,,,,,,,,,,,,,,,,,,,,,,,,,,,,,,,,,,,171.0654426,,,,,,,,,,,,,,,,,,,,,,,,,,,,
Cameroon,CMR,"Central government debt, total (% of GDP)",GC.DOD.TOTL.GD.ZS,,,,,,,,,,,,,,,,,,,,,,,,,,,,,,,35.6686948,48.8665342,58.64613734,48.59731537,106.5005227,106.2809792,,,84.81026402,79.4576584,,,,,,,,,,,,,,,,,,,,,,,,
"Congo, Dem. Rep.",COD,"Central government debt, total (% of GDP)",GC.DOD.TOTL.GD.ZS,,,,,,,,,,,,,,,,,,,,,,,,,,,,,,,289.8447271,113.5846667,128.4447081,104.0021075,169.7866114,232.9362311,243.5955063,152.1870019,,,,,,,,,,,,,,,,,,,,,,,,,15.98969681,
"Congo, Rep.",COG,"Central government debt, total (% of GDP)",GC.DOD.TOTL.GD.ZS,,,,,,,,,,,,,,,,,,,,,,,,,,,,,,,,,,,,,,,,,,,,,,,,,,60.22694172,25.48268447,,,,,,,,,,,,,
Colombia,COL,"Central government debt, total (% of GDP)",GC.DOD.TOTL.GD.ZS,,,,,,,,,,,,,,,,,,,,,,,,,,,,,,,,,,,,,,,,,,,,,,,,,,,,,,57.76895278,47.52052207,52.95522576,66.52520866,66.45029712,71.32989407,72.32711612,90.7463536,80.03501691,69.87320408,
Comoros,COM,"Central government debt, total (% of GDP)",GC.DOD.TOTL.GD.ZS,,,,,,,,,,,,,,,,,,,,,,,,,,,,,,,,,,,,,,,,,,,,,,,,,,,,,,,,,,,,,,,,
Cabo Verde,CPV,"Central government debt, total (% of GDP)",GC.DOD.TOTL.GD.ZS,,,,,,,,,,,,,,,,,,,,,,,,,,,,,,,,,,,,,,,,,,,,,,,,,,,,,,,,,,,,,,,,
Costa Rica,CRI,"Central government debt, total (% of GDP)",GC.DOD.TOTL.GD.ZS,,,,,,,,,,,,,,,,,,,,,,,,,,,,,,,,,,,,,30.09821118,30.17903086,40.20510243,40.1048029,38.50184887,39.33511191,,,,,,,,,,,,,,,,,,,,,71.11157641,
Cuba,CUB,"Central government debt, total (% of GDP)",GC.DOD.TOTL.GD.ZS,,,,,,,,,,,,,,,,,,,,,,,,,,,,,,,,,,,,,,,,,,,,,,,,,,,,,,,,,,,,,,,,
Curacao,CUW,"Central government debt, total (% of GDP)",GC.DOD.TOTL.GD.ZS,,,,,,,,,,,,,,,,,,,,,,,,,,,,,,,,,,,,,,,,,,,,,,,,,,,,,,,,,,,,,,,,
Cayman Islands,CYM,"Central government debt, total (% of GDP)",GC.DOD.TOTL.GD.ZS,,,,,,,,,,,,,,,,,,,,,,,,,,,,,,,,,,,,,,,,,,,,,,,,,,,,,,,,,,,,,,,,
Cyprus,CYP,"Central government debt, total (% of GDP)",GC.DOD.TOTL.GD.ZS,,,,,,,,,,,,,,,,,,,,,,,,,,,,,,,,,,,,,,,142.7929809,145.049758,145.7523985,149.7599196,157.6363266,163.9947664,164.5812465,164.1300049,155.2473782,145.2012257,132.3615649,89.21554574,92.5830503,105.4375059,119.0747989,149.7124889,158.9936142,157.0158313,151.2804058,142.3359437,148.5256558,147.160719,175.1464533,152.6552865,125.9222918,
Czechia,CZE,"Central government debt, total (% of GDP)",GC.DOD.TOTL.GD.ZS,,,,,,,,,,,,,,,,,,,,,,,,,,,,,,,,,,,,,,,14.23484112,18.92561994,20.00834769,25.31376908,27.01411604,28.99429493,28.86486683,28.13287432,28.11884626,27.4288366,29.77137472,36.01281636,40.13238598,42.91081728,51.87118236,51.37364461,50.30542372,47.77259286,44.41059832,40.85881446,38.34342341,36.64400817,45.61687234,47.28267818,46.82282014,
Germany,DEU,"Central government debt, total (% of GDP)",GC.DOD.TOTL.GD.ZS,,,,,,,,,,,,,,,,,,,,,,,,,,,,,,,,21.73250095,23.86619743,27.09422065,27.15039217,,,,38.77344347,40.4609416,42.24087166,40.25352813,41.83761578,42.9838531,44.08540035,45.85554405,44.09101581,41.57148287,44.52140004,48.48724103,56.63168772,55.69577065,57.11096379,54.2618315,54.69975371,51.5931967,49.90107633,47.8698319,46.0028228,44.65086022,55.07111316,54.47964727,44.52882654,
Djibouti,DJI,"Central government debt, total (% of GDP)",GC.DOD.TOTL.GD.ZS,,,,,,,,,,,,,,,,,,,,,,,,,,,,,,,,,,,,,,,,,,,,,,,,,,,,,,,,,,,,,,,,
Dominica,DMA,"Central government debt, total (% of GDP)",GC.DOD.TOTL.GD.ZS,,,,,,,,,,,,,,,,,,,,,,,,,,,,,,,,,,,,,,,,,,,,,,,,,,,,,,,,,,,,,,,,
Denmark,DNK,"Central government debt, total (% of GDP)",GC.DOD.TOTL.GD.ZS,,,,,,,,,,,,,,,,,,,,,,,,,,,,,,,,,,,,73.69530705,71.11205475,67.56392487,64.97698857,59.21850293,52.6028298,50.61718769,50.31550577,47.69503453,43.24526261,36.07425666,32.38559634,25.18228626,32.26154354,38.39136413,42.7398011,49.55168041,49.96590363,46.2943272,48.68327496,42.94454924,40.66935467,38.3727929,36.54626821,38.17240331,48.4031299,39.85566059,26.36931189,
Dominican Republic,DOM,"Central government debt, total (% of GDP)",GC.DOD.TOTL.GD.ZS,,,,,,,,,,,,,,,,,,,,,,,,,,,,,,,,,,,,,20.96018308,17.5702325,,16.41680384,,,,,,,,,,,,,,,,,,,,,,,,
Algeria,DZA,"Central government debt, total (% of GDP)",GC.DOD.TOTL.GD.ZS,,,,,,,,,,,,,,,,,,,,,,,,,,,,,,,,,,,,,,,,,,,,,,,,,,,,,,,,,,,,,,,,
Ecuador,ECU,"Central government debt, total (% of GDP)",GC.DOD.TOTL.GD.ZS,,,,,,,,,,,,,,,,,,,,,,,,,,,,,,,,,,,,,,,,,,,,,,,,,,,,,,,,,,,,,,,,
"Egypt, Arab Rep.",EGY,"Central government debt, total (% of GDP)",GC.DOD.TOTL.GD.ZS,,,,,,,,,,,,,,,,,,,,,,,,,,,,,,,,,,,,,,,,,,,,,,,,85.78853383,,,,,,,,,,,,,,,,
Eritrea,ERI,"Central government debt, total (% of GDP)",GC.DOD.TOTL.GD.ZS,,,,,,,,,,,,,,,,,,,,,,,,,,,,,,,,,,,,,,,,,,,,,,,,,,,,,,,,,,,,,,,,
Spain,ESP,"Central government debt, total (% of GDP)",GC.DOD.TOTL.GD.ZS,,,,,,,,,,,2002.510415,1767.385574,,,,,,,,,,,,,,,,,,,,,,,,55.22902801,61.07099807,60.43523841,60.57180206,55.67184787,53.19536969,49.24390774,48.19439339,44.45550068,43.68863023,40.965188,36.38272128,32.55513918,37.63182607,51.46495314,54.35073765,62.60227372,88.59711501,105.4504946,117.9585947,110.0331336,109.1585545,107.7571236,106.6045098,109.6790883,134.0349999,126.9746309,104.7899116,
Estonia,EST,"Central government debt, total (% of GDP)",GC.DOD.TOTL.GD.ZS,,,,,,,,,,,,,,,,,,,,,,,,,,,,,,,,,,,,,,,6.909220025,7.841843336,4.066987003,3.811326323,4.429484901,4.86252614,5.273353741,5.181045677,4.944383971,4.229534012,5.058350961,8.224680467,7.897645108,5.991393308,13.55217445,13.79847604,13.95485067,13.12274003,14.07077738,13.42557616,13.45856977,13.92936694,23.77289115,23.89299664,25.20109125,
Ethiopia,ETH,"Central government debt, total (% of GDP)",GC.DOD.TOTL.GD.ZS,,,,,,,,,,,,,,,,,,,,,,,,,,,,,,,47.17589236,49.64715478,43.30079488,71.50338555,90.25231001,80.61820764,70.39364894,67.73174268,76.06384427,83.47202478,,,,,,,,,,,,,,10.73328378,26.93727974,27.94312504,29.00569007,30.0951132,32.5332185,31.44884867,,,,
Finland,FIN,"Central government debt, total (% of GDP)",GC.DOD.TOTL.GD.ZS,,,,,,,,,,,,,,,,,,,,,,,,,,,,,,,,,,,,,,,73.62501453,63.21897948,56.18871022,50.25652018,47.7014668,48.91630258,46.8631502,42.62327931,39.88964528,35.45265994,34.04009986,42.32752122,48.52798138,49.86262487,54.54020902,55.89195433,60.48855227,62.36346004,62.76216221,60.1932824,60.26548218,60.53289863,70.21105874,66.21293844,60.78703859,
Fiji,FJI,"Central government debt, total (% of GDP)",GC.DOD.TOTL.GD.ZS,,,,,,,,,,,,,,,,,,,,,,,,,,,,,,,,36.84182174,33.67358458,36.53835481,36.62825932,,,,,,,,,,,,,,,,,,,,,,,,,,,,,
France,FRA,"Central government debt, total (% of GDP)",GC.DOD.TOTL.GD.ZS,,,,,,,,,,,,,,,,,,,,,,,,,,,,,,,,,,,,,,,62.36396883,59.1702064,58.29925233,57.81887921,61.17654987,63.67355424,64.64241302,65.61117387,60.97429268,59.48742119,65.37256949,77.94778204,80.30129971,82.29224206,90.2797486,90.96854367,97.55438385,97.98033326,102.2620449,102.2152651,101.6221344,104.9611611,123.1721712,116.8867735,98.66052415,
Faroe Islands,FRO,"Central government debt, total (% of GDP)",GC.DOD.TOTL.GD.ZS,,,,,,,,,,,,,,,,,,,,,,,,,,,,,,,,,,,,,,,,,,,,,,,,,,,,,,,,,,,,,,,,
"Micronesia, Fed. Sts.",FSM,"Central government debt, total (% of GDP)",GC.DOD.TOTL.GD.ZS,,,,,,,,,,,,,,,,,,,,,,,,,,,,,,,,,,,,,,,,,,,,,,,,,26.60897543,25.44162184,24.15488134,25.2019617,27.11517204,26.32302411,23.38973481,29.94314479,25.95939692,31.59722033,23.69796607,24.15144416,27.86301425,,,
Gabon,GAB,"Central government debt, total (% of GDP)",GC.DOD.TOTL.GD.ZS,,,,,,,,,,,,,,,,,,,,,,,,,,,,,,,,,,,,,,,,,,,,,,,,,,,,,,,,,,,,,,,,
United Kingdom,GBR,"Central government debt, total (% of GDP)",GC.DOD.TOTL.GD.ZS,,,,,,,,,,,,,,,,,,,,,,,,,,,,,,,30.20337095,29.19489603,30.39975006,35.31355001,40.48008846,88.53758606,87.53616786,88.69798249,90.48673962,87.58789856,87.60202116,84.36484358,86.40064661,86.69351698,90.51168234,92.15892201,92.16460445,93.80223315,105.4065638,123.7283397,131.0878784,143.7590145,147.0536816,141.6433278,150.5916197,147.9494127,156.6044652,161.2700614,158.1630662,160.3221869,196.6123934,186.8521185,142.2830421,
Georgia,GEO,"Central government debt, total (% of GDP)",GC.DOD.TOTL.GD.ZS,,,,,,,,,,,,,,,,,,,,,,,,,,,,,,,,,,,,61.05163487,46.40299858,45.9022152,56.90647339,60.77760333,58.51963396,56.0323644,55.44930258,45.50740883,36.91560722,29.22923354,23.09008767,19.20406266,23.47325543,30.85677749,31.42083164,27.69722978,28.10481414,28.9477658,30.39215686,36.00034734,39.47883895,38.84131592,38.2238727,44.7236858,65.19331579,54.72712601,42.96939336,
Ghana,GHA,"Central government debt, total (% of GDP)",GC.DOD.TOTL.GD.ZS,,,,,,,,,,,,,,,,,,,,,,,,,,,,,,,,,,,,,,,,,,,,,,,,,,,,,,,,,,,,,,,,
Gibraltar,GIB,"Central government debt, total (% of GDP)",GC.DOD.TOTL.GD.ZS,,,,,,,,,,,,,,,,,,,,,,,,,,,,,,,,,,,,,,,,,,,,,,,,,,,,,,,,,,,,,,,,
Guinea,GIN,"Central government debt, total (% of GDP)",GC.DOD.TOTL.GD.ZS,,,,,,,,,,,,,,,,,,,,,,,,,,,,,,,,,,,,,,,,,,,,,,,,,,,,,,,,,,,,,,,,
"Gambia, The",GMB,"Central government debt, total (% of GDP)",GC.DOD.TOTL.GD.ZS,,,,,,,,,,,,,,,,,,,,,,,,,,,,,,,,,,,,,,,,,,,,,,,,,,,,,,,,,,,,,,,,
Guinea-Bissau,GNB,"Central government debt, total (% of GDP)",GC.DOD.TOTL.GD.ZS,,,,,,,,,,,,,,,,,,,,,,,,,,,,,,,,,,,,,,,,,,,,,,,,,,,,,,,,,,,,,,,,
Equatorial Guinea,GNQ,"Central government debt, total (% of GDP)",GC.DOD.TOTL.GD.ZS,,,,,,,,,,,,,,,,,,,,,,,,,,,,,,,,,,,,,,,,,,,,,,,,,,,,,,,,,,,,,,,,
Greece,GRC,"Central government debt, total (% of GDP)",GC.DOD.TOTL.GD.ZS,,,,,,,,,,,,,,,,,,,,,,,,,,,,,,,,,,,,,,109.6488573,108.066837,109.0266289,119.4314572,123.5990185,125.626343,120.6540829,126.6596579,127.5480281,126.5730585,123.820896,127.1583264,143.9804531,136.6022242,116.2115936,168.0351637,185.7616153,189.317574,189.1815337,194.6391093,198.9571154,208.851528,212.4539436,253.2258907,237.4925698,203.2858092,
Grenada,GRD,"Central government debt, total (% of GDP)",GC.DOD.TOTL.GD.ZS,,,,,,,,,,,,,,,,,,,,,,,,,,,,,,,,,,,,,,,,,,,,,,,,,,,,,,,,,,,,,,,,
Greenland,GRL,"Central government debt, total (% of GDP)",GC.DOD.TOTL.GD.ZS,,,,,,,,,,,,,,,,,,,,,,,,,,,,,,,,,,,,,,,,,,,,,,,,,,,,,,,,,,,,,,,,
Guatemala,GTM,"Central government debt, total (% of GDP)",GC.DOD.TOTL.GD.ZS,,,,,,,,,,,,,,,,,,,,,,,,,,,,,,,24.48068514,17.75179131,15.83121931,13.62250812,13.16194904,11.40499902,11.24183287,11.34521767,11.28016784,13.47018859,16.98382301,20.26902332,18.69247732,21.03844097,22.14445739,21.60212014,22.23477296,21.98699753,20.38340804,23.3939732,24.81695941,24.56395978,24.70074241,25.20994956,,,,,,,,,,
Guam,GUM,"Central government debt, total (% of GDP)",GC.DOD.TOTL.GD.ZS,,,,,,,,,,,,,,,,,,,,,,,,,,,,,,,,,,,,,,,,,,,,,,,,,,,,,,,,,,,,,,,,
Guyana,GUY,"Central government debt, total (% of GDP)",GC.DOD.TOTL.GD.ZS,,,,,,,,,,,,,,,,,,,,,,,,,,,,,,,,,,,,,,,,,,,,,,,,,,,,,,,,,,,,,,,,
"Hong Kong SAR, China",HKG,"Central government debt, total (% of GDP)",GC.DOD.TOTL.GD.ZS,,,,,,,,,,,,,,,,,,,,,,,,,,,,,,,,,,,,,,,,,,,,,,,,,,,,,,,,,,,,,,,,
Honduras,HND,"Central government debt, total (% of GDP)",GC.DOD.TOTL.GD.ZS,,,,,,,,,,,,,,,,,,,,,,,,,,,,,,,,,,,,,,,,,,,,,,,,,,,,,,,,,,,,,,,,
Croatia,HRV,"Central government debt, total (% of GDP)",GC.DOD.TOTL.GD.ZS,,,,,,,,,,,,,,,,,,,,,,,,,,,,,,,,,,,,,,,,28.53792515,34.25029479,41.19732372,40.59176623,42.68488201,44.82197798,45.7652653,43.38583856,43.25889916,45.66203142,56.31320874,65.50421153,72.06742645,76.51363872,87.51521464,93.31039866,95.5873962,93.09374885,86.56856784,83.31650544,81.15496216,98.00345845,90.32472896,82.07979639,
Haiti,HTI,"Central government debt, total (% of GDP)",GC.DOD.TOTL.GD.ZS,,,,,,,,,,,,,,,,,,,,,,,,,,,,,,,,,,,,,,,,,,,,,,,,,,,,,,,,,,,,,,,,
Hungary,HUN,"Central government debt, total (% of GDP)",GC.DOD.TOTL.GD.ZS,,,,,,,,,,,,,,,,,,,,,,,,,,,,,,,,,,,,85.91782071,75.20339272,67.45999801,64.16482601,66.68844961,61.12922705,59.23665634,58.93999716,59.66877384,62.92548969,65.14182407,68.29213672,69.19994788,72.68250166,81.03359796,81.24828248,90.47316296,94.03050651,94.60482923,98.59809447,96.34196423,96.75878469,91.95831053,86.50686812,83.29647866,95.86464083,86.85554203,75.46856455,
Indonesia,IDN,"Central government debt, total (% of GDP)",GC.DOD.TOTL.GD.ZS,,,,,,,,,,,,,,,,,,,,,,,,,,,,,,,,,,,,,,,,,,,,,,,,,34.22502821,29.99730638,26.16615928,24.86514467,25.03440084,27.78192722,27.4216122,30.30912614,31.36619071,32.42906712,33.13941924,33.72915562,42.90179665,44.40381707,45.54072326,
Isle of Man,IMN,"Central government debt, total (% of GDP)",GC.DOD.TOTL.GD.ZS,,,,,,,,,,,,,,,,,,,,,,,,,,,,,,,,,,,,,,,,,,,,,,,,,,,,,,,,,,,,,,,,
India,IND,"Central government debt, total (% of GDP)",GC.DOD.TOTL.GD.ZS,,,,,,,,,,,,,,,,,,,,,,,,,,,,,,,50.78325379,50.01008036,49.68090136,51.75980829,49.5942827,47.4916413,45.7233077,50.36543613,50.31921817,51.35295144,55.0042465,59.0179098,62.55277129,62.1900539,62.59297674,62.2265261,59.66673028,57.49753639,57.29221428,55.25644611,51.5919103,51.55655366,50.67803056,50.31182736,49.90092487,49.96471839,47.63375559,47.58360938,46.52249867,,,,,
Ireland,IRL,"Central government debt, total (% of GDP)",GC.DOD.TOTL.GD.ZS,,,,,,,,,,,,,,,,,,,,,,,,,,,,,,,,,,,,,,,60.00982783,49.14171573,38.14236579,35.00722021,33.68014066,32.36730133,30.82059075,30.77365541,27.03947322,26.9931796,46.62554366,66.62220694,82.49209216,111.5710568,130.0162705,131.9222399,120.9794915,88.38886955,85.49461184,76.46198137,75.01688348,69.61080161,71.3027371,64.33586271,46.71424172,
"Iran, Islamic Rep.",IRN,"Central government debt, total (% of GDP)",GC.DOD.TOTL.GD.ZS,,,,,,,,,,,,,,,,,,,,,,,,,,,,,,,,,,,,,,,,,,,,,,,,,,,,,,,,,,,,,,,,
Iraq,IRQ,"Central government debt, total (% of GDP)",GC.DOD.TOTL.GD.ZS,,,,,,,,,,,,,,,,,,,,,,,,,,,,,,,,,,,,,,,,,,,,,,,,,,,,,,,,27.39189089,29.47606783,35.86300616,27.43824837,,,,,
Iceland,ISL,"Central government debt, total (% of GDP)",GC.DOD.TOTL.GD.ZS,,,,,,,,,,,,,,,,,,,,,,,,,,,,,,,29.91436565,31.31516329,37.64887791,43.06175493,44.10450345,46.34465767,45.69883498,68.3768608,63.12841489,59.0791331,58.19760326,61.26066318,57.24050377,55.10436597,48.62351111,83.88002268,86.45099544,83.4741205,128.1115745,144.7404129,148.8812391,156.0921469,151.8337204,140.1053759,134.8734195,116.4854823,102.3152942,89.42446836,81.06558007,88.93152563,101.249836,96.71358848,87.51781641,
Israel,ISR,"Central government debt, total (% of GDP)",GC.DOD.TOTL.GD.ZS,,,,,,,,,,,,,,,,,,,,,,,,,,,,,,,132.8802554,118.4061054,114.7806809,112.5109613,104.0980959,99.85811749,98.69719063,93.88538216,94.83405991,88.60319026,,,,,,,,,,,,,,,,,,,,,,,,
Italy,ITA,"Central government debt, total (% of GDP)",GC.DOD.TOTL.GD.ZS,,,,,,,,,,,,,,,,,,,,,,,,,,,,,,,,,,,,114.9295032,120.9953181,122.5315197,123.8713126,117.3056705,112.9778837,111.8406443,110.5446518,106.982023,108.6249646,110.3658303,106.5044798,101.4974984,104.7024869,116.1683402,114.6006087,108.0534182,126.6627254,134.7503487,148.8727825,149.9443926,147.7413316,145.0828887,139.9049515,147.5666498,176.1277932,164.2497486,139.0024117,
Jamaica,JAM,"Central government debt, total (% of GDP)",GC.DOD.TOTL.GD.ZS,,,,,,,,,,,,,,,,,,,,,,,,,,,,,,,138.7413276,232.8322106,123.6069513,112.1971751,94.66074289,83.86118418,72.25219524,73.70000908,81.6705597,88.96364365,98.33415571,117.5350336,127.777467,127.4332556,122.0080686,121.0024762,117.6988115,112.9899902,120.3398246,134.6787698,136.2243349,133.9784598,137.9346699,135.885095,132.4138905,124.6483008,122.6557478,102.4636034,,92.24644845,106.282373,,,
Jordan,JOR,"Central government debt, total (% of GDP)",GC.DOD.TOTL.GD.ZS,,,,,,,,,,,,,,,,,,,,,,,,,,,,,,,128.7946833,129.9996619,152.6010968,125.609618,116.4459642,105.0628884,106.234221,100.3854165,101.1725908,99.90585466,93.71097071,90.82656316,85.07403591,88.9183394,89.02223486,79.9498073,72.62491335,69.95952618,55.06605258,59.22146688,59.77108436,60.42177199,65.35061394,73.72381225,77.71399175,78.86144967,74.07186077,75.38050205,,79.345191,75.96607269,,101.139706,
Japan,JPN,"Central government debt, total (% of GDP)",GC.DOD.TOTL.GD.ZS,,,,,,,,,,,,,,,,,,,,,,,,,,,,,,,52.01269209,38.17618736,38.91493435,42.11594183,55.11190585,60.77122237,65.41006169,72.99671748,80.47828377,90.65379413,98.93382307,102.846758,111.8762497,121.9153209,127.5476298,128.2074929,128.5996679,132.2220465,138.5742742,156.9844853,160.4980984,175.5676412,183.7062093,186.5642973,192.1128503,194.5840612,193.2304378,193.4891597,197.3356094,198.0103092,215.7555406,216.3293649,216.2133755,
Kazakhstan,KAZ,"Central government debt, total (% of GDP)",GC.DOD.TOTL.GD.ZS,,,,,,,,,,,,,,,,,,,,,,,,,,,,,,,,,,,,,,,,,,,,,,7.046463495,5.937416142,5.322000228,6.326763297,9.513647008,10.18534315,9.707502762,11.69335724,12.21755308,14.14728375,21.1957538,16.76932745,16.60080792,21.97226009,18.48304695,23.7157605,22.41204058,,
Kenya,KEN,"Central government debt, total (% of GDP)",GC.DOD.TOTL.GD.ZS,,,,,,,,,,,,,,,,,,,,,,,,,,,,,,,,,,,,,,,,,,,,,,,,,,,,,,,,,,,,,,,,
Kyrgyz Republic,KGZ,"Central government debt, total (% of GDP)",GC.DOD.TOTL.GD.ZS,,,,,,,,,,,,,,,,,,,,,,,,,,,,,,,,,,,,,,,,,,,,,,,,,,,,,,42.80839461,54.65113029,69.68952081,62.00983685,63.09887522,54.74291939,54.10195359,70.66258442,59.34335818,50.05624326,
Cambodia,KHM,"Central government debt, total (% of GDP)",GC.DOD.TOTL.GD.ZS,,,,,,,,,,,,,,,,,,,,,,,,,,,,,,,,,,,,,,,,,,,,,,,,,,,,,,,,,,,,,,,,
Kiribati,KIR,"Central government debt, total (% of GDP)",GC.DOD.TOTL.GD.ZS,,,,,,,,,,,,,,,,,,,,,,,,,,,,,,,,,,,,,,,,,,,,,,,,,,,,,,,,,,,,,,,,
St. Kitts and Nevis,KNA,"Central government debt, total (% of GDP)",GC.DOD.TOTL.GD.ZS,,,,,,,,,,,,,,,,,,,,,,,,,,,,,,,,,,,,,,,,,,,79.26880958,92.30854203,90.82805433,92.32122914,84.65906478,97.04632281,92.48170725,100.7544759,104.8779096,103.0095905,96.86205705,67.10213274,57.66639437,,,,,,,,,
"Korea, Rep.",KOR,"Central government debt, total (% of GDP)",GC.DOD.TOTL.GD.ZS,,,,,,,,,,,,,,,,,,,,,,,,,,,,,,,,,,,,,,,,,,,,,,,,,,,,,32.40902058,34.9298593,36.50026402,37.49295711,38.06551416,37.34863514,37.55564318,39.96948014,46.43159664,48.95527864,51.17913232,
Kuwait,KWT,"Central government debt, total (% of GDP)",GC.DOD.TOTL.GD.ZS,,,,,,,,,,,,,,,,,,,,,,,,,,,,,,,,,,,,,,,,,,,,,,,,,,,,,,,,,,,,,,,,
Lao PDR,LAO,"Central government debt, total (% of GDP)",GC.DOD.TOTL.GD.ZS,,,,,,,,,,,,,,,,,,,,,,,,,,,,,,,,,,,,,,,,,,,,,,,,,,,,,,,,,,,,,,,,
Lebanon,LBN,"Central government debt, total (% of GDP)",GC.DOD.TOTL.GD.ZS,,,,,,,,,,,,,,,,,,,,,,,,,,,,,,,,,,,,,,96.90886598,106.9570538,128.6412691,,,,,,,,,,,,,,,,,,,,,,,,
Liberia,LBR,"Central government debt, total (% of GDP)",GC.DOD.TOTL.GD.ZS,,,,,,,,,,,,,,,,,,,,,,,,,,,,,,,,,,,,,,,,,,,,,,,,,,,,21.73060884,20.31799525,,,,,,,,,,,
Libya,LBY,"Central government debt, total (% of GDP)",GC.DOD.TOTL.GD.ZS,,,,,,,,,,,,,,,,,,,,,,,,,,,,,,,,,,,,,,,,,,,,,,,,,,,,,,,,,,,,,,,,
St. Lucia,LCA,"Central government debt, total (% of GDP)",GC.DOD.TOTL.GD.ZS,,,,,,,,,,,,,,,,,,,,,,,,,,,,,,,,,,,,,,,,,30.8776807,40.07053942,50.03292181,48.51837959,49.58333333,52.03522505,47.19573744,45.29805321,41.63453013,43.39770236,45.85702721,,,,,,,,,,,,,
Liechtenstein,LIE,"Central government debt, total (% of GDP)",GC.DOD.TOTL.GD.ZS,,,,,,,,,,,,,,,,,,,,,,,,,,,,,,,,,,,,,,,,,,,,,,,,,,,,,,,,,,,,,,,,
Sri Lanka,LKA,"Central government debt, total (% of GDP)",GC.DOD.TOTL.GD.ZS,,,,,,,,,,,,,,,,,,,,,,,,,,,,,,,96.58062551,98.48339578,95.36191195,96.7978141,94.85532323,94.6498206,92.34398434,86.10593167,89.19582391,95.10815461,96.90403265,103.2192741,105.5249908,102.270712,102.3285367,90.60491311,88.69948412,84.99441695,,86.06349191,69.25302518,68.52573941,66.74723537,68.35361656,68.59104233,73.51265916,,,,,,,,
Lesotho,LSO,"Central government debt, total (% of GDP)",GC.DOD.TOTL.GD.ZS,,,,,,,,,,,,,,,,,,,,,,,,,,,,,,,,,,,,,,,,,,,,,,,,,37.51718539,41.69057226,29.56359928,27.13089059,32.18378734,33.20863498,33.01749279,33.13838462,42.06043246,37.36802276,32.84471435,32.16703189,2.993243596,,,
Lithuania,LTU,"Central government debt, total (% of GDP)",GC.DOD.TOTL.GD.ZS,,,,,,,,,,,,,,,,,,,,,,,,,,,,,,,,,,,,,,,27.61624746,31.07856604,32.69302355,31.73420722,30.52248233,27.26441496,26.13179745,23.93573132,20.82323787,17.68951867,14.76887968,30.74369033,41.22611774,41.05385583,47.1986084,44.83591552,48.3320103,49.64569145,47.7316659,44.95010762,38.50309345,42.11434592,52.86411299,48.21050394,36.04848511,
Luxembourg,LUX,"Central government debt, total (% of GDP)",GC.DOD.TOTL.GD.ZS,,,,,,,,,,,,,,,,,,,,,,,,,,,,,,,,,,,,,,,14.18705778,12.79737124,12.31472929,12.37832387,12.09367331,11.70391356,13.6350606,12.02565531,11.45420877,10.39609501,17.20559579,17.55562244,21.93677457,22.14369246,24.59789248,25.4185373,26.15040991,25.6762734,24.0314789,26.19226491,25.37421431,27.52131219,29.44767431,28.69859479,26.23487856,
Latvia,LVA,"Central government debt, total (% of GDP)",GC.DOD.TOTL.GD.ZS,,,,,,,,,,,,,,,,,,,,,,,,,,,,,,,,,,,,,,,15.83178219,19.15729262,19.3477081,21.37377731,21.41935051,22.28013923,23.66213978,20.48364354,21.308309,21.10696171,36.42238171,61.63169648,74.5051289,69.53377558,65.63993158,61.55832113,68.32299123,62.79554158,68.13598605,64.56645478,63.4687362,67.40452774,77.66543599,83.46678035,73.87412814,
"Macao SAR, China",MAC,"Central government debt, total (% of GDP)",GC.DOD.TOTL.GD.ZS,,,,,,,,,,,,,,,,,,,,,,,,,,,,,,,,,,,,,,,,,,,,,,,,,,,,,,,,,,,,,,,,
St. Martin (French part),MAF,"Central government debt, total (% of GDP)",GC.DOD.TOTL.GD.ZS,,,,,,,,,,,,,,,,,,,,,,,,,,,,,,,,,,,,,,,,,,,,,,,,,,,,,,,,,,,,,,,,
Morocco,MAR,"Central government debt, total (% of GDP)",GC.DOD.TOTL.GD.ZS,,,,,,,,,,,,,,,,,,,,,,,,,,,,,,,87.19675998,62.06741628,70.93786898,74.12313156,69.82591552,68.39491528,,64.46241514,55.01247083,55.44498073,,,48.47507862,,,53.66629657,49.57461006,46.30353808,41.28513147,43.62574348,47.09826567,51.22632157,,,,,,,,,,,,
Monaco,MCO,"Central government debt, total (% of GDP)",GC.DOD.TOTL.GD.ZS,,,,,,,,,,,,,,,,,,,,,,,,,,,,,,,,,,,,,,,,,,,,,,,,,,,,,,,,,,,,,,,,
Moldova,MDA,"Central government debt, total (% of GDP)",GC.DOD.TOTL.GD.ZS,,,,,,,,,,,,,,,,,,,,,,,,,,,,,,,,,,,,,,,,,,,57.80848594,50.40877657,51.9542957,32.42510358,29.17929124,23.23956579,18.44251613,27.63222644,21.93256126,19.76667393,20.34713935,19.91795216,21.06600707,23.31358332,32.24744661,29.66749634,27.51077817,25.45101191,33.95557522,32.11877906,34.52131787,
Madagascar,MDG,"Central government debt, total (% of GDP)",GC.DOD.TOTL.GD.ZS,,,,,,,,,,,,,,,,,,,,,,,,,,,,,,,,,,,,,,,,,,,,,,,,,,,,,,,,,,,,,,,,
Maldives,MDV,"Central government debt, total (% of GDP)",GC.DOD.TOTL.GD.ZS,,,,,,,,,,,,,,,,,,,,,,,,,,,,,,,30.78233776,35.57346955,41.61546381,45.55156113,44.21170024,47.35205809,43.03527636,39.67038773,40.98673597,40.12629842,40.86440999,31.23087034,33.59083783,30.35237709,27.27304266,33.92711504,29.54088431,29.18427775,30.3431523,46.19355167,54.88541815,57.29812061,,,,,,,,,,,,
Mexico,MEX,"Central government debt, total (% of GDP)",GC.DOD.TOTL.GD.ZS,,,,,,,,,,,,,,,,,,,,,,,,,,,,,,,,,,,,,,,,,,,,,,,,,,,,,,,,,,,,40.45648742,44.89937761,43.98517037,43.208305,
Marshall Islands,MHL,"Central government debt, total (% of GDP)",GC.DOD.TOTL.GD.ZS,,,,,,,,,,,,,,,,,,,,,,,,,,,,,,,,,,,,,,,,,,,,,,,,,71.73299542,72.06122966,69.0818259,56.16970228,52.5418353,52.9097312,49.54882707,47.60927443,48.53684613,47.89932404,44.11518709,41.7255807,,,,
North Macedonia,MKD,"Central government debt, total (% of GDP)",GC.DOD.TOTL.GD.ZS,,,,,,,,,,,,,,,,,,,,,,,,,,,,,,,,,,,,,,,,,,,,,,,,,,,,,,,,,,,,,,,,
Mali,MLI,"Central government debt, total (% of GDP)",GC.DOD.TOTL.GD.ZS,,,,,,,,,,,,,,,,,,,,,,,,,,,,,,,,,,,,,,,,,,,,,,,,,,,,,,,,,,,,,,,,
Malta,MLT,"Central government debt, total (% of GDP)",GC.DOD.TOTL.GD.ZS,,,,,,,,,,,,,,,,,,,,,,,,,,,,,,,,,,,,,,,,155.0301088,156.0014526,167.4375466,167.0766508,185.8608305,192.6768289,195.6463193,180.2568208,171.7642608,76.2262525,81.03092274,79.13275211,84.18515186,82.32524816,81.34483591,81.74002499,74.48081526,75.13425773,63.2820873,58.36219541,56.33457875,70.04082723,68.53308968,59.10695657,
Myanmar,MMR,"Central government debt, total (% of GDP)",GC.DOD.TOTL.GD.ZS,,,,,,,,,,,,,,,,,,,,,,,,,,,,,,,,,,,,,,,,,,,,,,,,,,,,,,,,,,,,,,,,
Montenegro,MNE,"Central government debt, total (% of GDP)",GC.DOD.TOTL.GD.ZS,,,,,,,,,,,,,,,,,,,,,,,,,,,,,,,,,,,,,,,,,,,,,,,,,,,,,,,,,,,,,,,,
Mongolia,MNG,"Central government debt, total (% of GDP)",GC.DOD.TOTL.GD.ZS,,,,,,,,,,,,,,,,,,,,,,,,,,,,,,,,,,,,,,,,,,,,,,,,,,,,,,,,,,,65.91636253,60.82256145,73.88289267,66.92310972,,
Northern Mariana Islands,MNP,"Central government debt, total (% of GDP)",GC.DOD.TOTL.GD.ZS,,,,,,,,,,,,,,,,,,,,,,,,,,,,,,,,,,,,,,,,,,,,,,,,,,,,,,,,,,,,,,,,
Mozambique,MOZ,"Central government debt, total (% of GDP)",GC.DOD.TOTL.GD.ZS,,,,,,,,,,,,,,,,,,,,,,,,,,,,,,,,,,,,,,,,,,,,,,,,,,,,,,,,,92.24244557,78.50460925,81.35371631,78.8783415,101.3909318,84.15696646,78.61972563,
Mauritania,MRT,"Central government debt, total (% of GDP)",GC.DOD.TOTL.GD.ZS,,,,,,,,,,,,,,,,,,,,,,,,,,,,,,,,,,,,,,,,,,,,,,,,,,,,,,,,,,,,,,,,
Mauritius,MUS,"Central government debt, total (% of GDP)",GC.DOD.TOTL.GD.ZS,,,,,,,,,,,,,,,,,,,,,,,,,,,,,,,,,,,,,,,,,,,52.01023209,58.41970167,51.34426779,54.98451576,51.50419527,48.34580014,43.48350419,46.33142078,49.0186617,49.71507378,49.15615268,,,,,56.15751775,55.38179411,57.96166043,,,,
Malawi,MWI,"Central government debt, total (% of GDP)",GC.DOD.TOTL.GD.ZS,,,,,,,,,,,,,,,,,,,,,,,,,,,,,,,,,,,,,,,,,,,,,,,,,,20.11517217,19.26083004,18.84554484,28.46199291,24.91388917,27.9207565,27.33464605,37.88620773,34.29462257,41.69501142,44.68277868,,,52.63324146,
Malaysia,MYS,"Central government debt, total (% of GDP)",GC.DOD.TOTL.GD.ZS,,,,,,,,,,,,,,,,,,,,,,,,,,,,,,,79.53661793,73.31932151,64.37729789,55.69183595,47.61972977,41.06970284,,,,,,,43.04733921,45.0766413,45.69663832,42.06755976,40.58839614,40.08812577,39.79970284,50.8357456,49.55982307,50.02868164,51.64643162,52.99925192,52.67584873,53.57446973,51.89052753,50.04967774,51.18591488,52.42135021,62.00672151,63.25878018,60.26664042,
Namibia,NAM,"Central government debt, total (% of GDP)",GC.DOD.TOTL.GD.ZS,,,,,,,,,,,,,,,,,,,,,,,,,,,,,,,,,,,,,,,,,,,,,,,,117.5152611,,,,,,,,,,,,,,,,
New Caledonia,NCL,"Central government debt, total (% of GDP)",GC.DOD.TOTL.GD.ZS,,,,,,,,,,,,,,,,,,,,,,,,,,,,,,,,,,,,,,,,,,,,,,,,,,,,,,,,,,,,,,,,
Niger,NER,"Central government debt, total (% of GDP)",GC.DOD.TOTL.GD.ZS,,,,,,,,,,,,,,,,,,,,,,,,,,,,,,,,,,,,,,,,,,,,,,,,,,,,,,,,,,,,,,,,
Nigeria,NGA,"Central government debt, total (% of GDP)",GC.DOD.TOTL.GD.ZS,,,,,,,,,,,,,,,,,,,,,,,,,,,,,,,,,,,,,,,,,,,,,,,,,,,,,,,,,,,,,,,,
Nicaragua,NIC,"Central government debt, total (% of GDP)",GC.DOD.TOTL.GD.ZS,,,,,,,,,,,,,,,,,,,,,,,,,,,,,,,,,,,,,,,,,,,,,,,,,,,,,,,,,,,,,,,,
Netherlands,NLD,"Central government debt, total (% of GDP)",GC.DOD.TOTL.GD.ZS,,,,,,,,,,,,,,,,,,,,,,,,,,,,,,,,,,,,,,,62.40327673,55.5010144,51.81335687,49.11814328,49.84305689,51.20921979,51.7846684,50.91498558,45.25460785,43.28908054,56.49213996,58.48038384,61.38657388,65.247348,71.39958283,71.37947167,75.98874263,72.87814054,71.65515849,65.3181078,61.04779538,58.23812657,66.82397399,63.69725254,53.67153896,
Norway,NOR,"Central government debt, total (% of GDP)",GC.DOD.TOTL.GD.ZS,,,,,,,,,,,,,,,,,,,,,,,,,,,,,,,,,,,,26.9919783,22.98487113,20.86871572,18.53271037,19.73006712,23.54618416,20.15844688,28.98784959,37.53862921,39.06985146,36.58460009,47.65885303,45.21374272,43.77177376,35.8456244,35.78826807,21.18334663,22.35218475,22.42821571,20.06606414,24.33927984,27.11471469,27.35623903,28.3372584,28.6057832,33.05758217,30.86050633,28.71249906,
Nepal,NPL,"Central government debt, total (% of GDP)",GC.DOD.TOTL.GD.ZS,,,,,,,,,,,,,,,,,,,,,,,,,,,,,,,52.62058095,64.91143044,61.65692299,63.68153823,66.54121,66.18364321,65.19788038,59.88242969,66.35144343,64.06810979,64.57331984,58.98914159,63.93546098,62.58819538,59.41566729,51.76462305,49.68696803,42.97866114,43.79998725,,33.86252123,,,,,,,,,31.77714735,39.04856313,39.92226864,,
Nauru,NRU,"Central government debt, total (% of GDP)",GC.DOD.TOTL.GD.ZS,,,,,,,,,,,,,,,,,,,,,,,,,,,,,,,,,,,,,,,,,,,,,,,,,,,,,,,,,,,,,,,,
New Zealand,NZL,"Central government debt, total (% of GDP)",GC.DOD.TOTL.GD.ZS,,,,,,,,,,,,,,,,,,,,,,,,,,,,,,,,,,,,,,,,,,,,43.08537114,40.00902827,39.51019412,,,,,,,,,,,,,,,,,,
Oman,OMN,"Central government debt, total (% of GDP)",GC.DOD.TOTL.GD.ZS,,,,,,,,,,,,,,,,,,,,,,,,,,,,,,,,,,,,,,,,,,,,,,,,,,,,,,,,,,,,,,,,
Pakistan,PAK,"Central government debt, total (% of GDP)",GC.DOD.TOTL.GD.ZS,,,,,,,,,,,,,,,,,,,,,,,,,,,,,,,78.77253509,76.09082892,74.52857679,78.91019052,,,,,79.08469198,,55.03242161,,,,,,,,,,,,,,,,,,,,,,,
Panama,PAN,"Central government debt, total (% of GDP)",GC.DOD.TOTL.GD.ZS,,,,,,,,,,,,,,,,,,,,,,,,,,,,,,,,,,,,,,,,,,,,,,,,,,,,,,,,,,,,,,,,
Peru,PER,"Central government debt, total (% of GDP)",GC.DOD.TOTL.GD.ZS,,,,,,,,,,,,,,,,,,,,,,,,,,,,,,,,,,,,,,,,,,,,,,,29.46239594,25.73082173,23.43789792,24.01770445,21.77078001,19.09757555,17.75942935,17.05330295,18.33800941,21.74732795,22.69885246,23.88057657,25.03061791,25.96892844,34.22066648,34.85457601,,
Philippines,PHL,"Central government debt, total (% of GDP)",GC.DOD.TOTL.GD.ZS,,,,,,,,,,,,,,,,,,,,,,,,,,,,,,,45.00767451,43.58794931,46.26979037,58.83319795,49.41851146,53.47117815,46.55766342,48.69784833,58.28058291,52.83488971,58.5984332,59.26149558,64.71507455,71.1158091,71.6007252,65.70974312,58.79787399,51.57489163,52.43227093,52.40069313,50.19624148,48.80584812,49.1574552,47.14418186,43.42633894,,,,,,,,,
Palau,PLW,"Central government debt, total (% of GDP)",GC.DOD.TOTL.GD.ZS,,,,,,,,,,,,,,,,,,,,,,,,,,,,,,,,,,,,,,,,,,,,,,,,,23.24898827,23.9380964,32.3631556,25.49509149,26.84658247,22.89542626,21.51575114,61.97142144,66.3770589,77.98928049,83.78839453,85.23669516,,,,
Papua New Guinea,PNG,"Central government debt, total (% of GDP)",GC.DOD.TOTL.GD.ZS,,,,,,,,,,,,,,,,,,,,,,,,,,,,,,,48.95325401,46.6108276,44.86431447,44.32619013,53.54501564,53.66200139,55.6433691,62.40465563,66.35014609,63.53730092,57.74153126,68.26755673,69.73446013,,,,,,,,,,,,26.894612,29.87537774,33.7401901,32.68568941,36.674291,40.15359037,48.68010121,52.57596445,48.2553884,
Poland,POL,"Central government debt, total (% of GDP)",GC.DOD.TOTL.GD.ZS,,,,,,,,,,,,,,,,,,,,,,,,,,,,,,,,,,,,,,,41.30122895,42.47105392,41.62151979,41.21704617,48.64912449,51.43893894,49.37921382,51.23257246,51.22434266,48.2911273,50.52330832,52.83300231,56.81024674,57.49211047,61.05470259,62.00539099,58.19951404,56.93180485,60.46616537,56.70715163,54.82664991,52.69330196,66.77352511,58.22094917,50.14810729,
Puerto Rico,PRI,"Central government debt, total (% of GDP)",GC.DOD.TOTL.GD.ZS,,,,,,,,,,,,,,,,,,,,,,,,,,,,,,,,,,,,,,,,,,,,,,,,,,,,,,,,,,,,,,,,
"Korea, Dem. People's Rep.",PRK,"Central government debt, total (% of GDP)",GC.DOD.TOTL.GD.ZS,,,,,,,,,,,,,,,,,,,,,,,,,,,,,,,,,,,,,,,,,,,,,,,,,,,,,,,,,,,,,,,,
Portugal,PRT,"Central government debt, total (% of GDP)",GC.DOD.TOTL.GD.ZS,,,,,,,,,,,,,,,,,,,,,,,,,,,,,,,,,,,,,,,67.78923938,65.51526314,63.50558927,65.52342044,67.96158737,71.666499,76.40053962,79.47327092,78.72500348,76.15961352,80.86550594,93.22013535,100.7761956,105.8132547,136.1827595,140.0476112,152.354595,150.709921,146.927389,147.4779355,140.6233993,138.8688083,161.2976463,147.1892139,119.3953218,
Paraguay,PRY,"Central government debt, total (% of GDP)",GC.DOD.TOTL.GD.ZS,,,,,,,,,,,,,,,,,,,,,,,,,,,,,,,,,,,,,,,,,,,,,,,,,,,,,,,,,,,,,,,,
West Bank and Gaza,PSE,"Central government debt, total (% of GDP)",GC.DOD.TOTL.GD.ZS,,,,,,,,,,,,,,,,,,,,,,,,,,,,,,,,,,,,,,,,,,,,,,,,,,,,,,,,,,,,,,,,
French Polynesia,PYF,"Central government debt, total (% of GDP)",GC.DOD.TOTL.GD.ZS,,,,,,,,,,,,,,,,,,,,,,,,,,,,,,,,,,,,,,,,,,,,,,,,,,,,,,,,,,,,,,,,
Qatar,QAT,"Central government debt, total (% of GDP)",GC.DOD.TOTL.GD.ZS,,,,,,,,,,,,,,,,,,,,,,,,,,,,,,,,,,,,,,,,,,,,,,,,,,,,,,,,,,,,,,,,
Romania,ROU,"Central government debt, total (% of GDP)",GC.DOD.TOTL.GD.ZS,,,,,,,,,,,,,,,,,,,,,,,,,,,,,,,,,,,,,,,29.48267523,30.00968683,27.84473453,28.52139083,27.78578395,25.05641484,21.65859994,19.35322537,16.29183289,17.61361466,18.33595512,28.23145055,34.13583726,37.24773345,40.38824264,43.88270067,46.26934363,45.16991522,47.279933,44.32707463,42.56473483,43.36184448,57.29586358,55.9129588,50.45296898,
Russian Federation,RUS,"Central government debt, total (% of GDP)",GC.DOD.TOTL.GD.ZS,,,,,,,,,,,,,,,,,,,,,,,,,,,,,,,,,,,,,,,,,,,41.35271686,,23.39826422,16.48005714,9.667795562,7.110606991,6.479055579,8.68730129,9.089899815,8.629271052,8.538487065,12.33597814,11.17383315,12.30181523,12.99796884,14.62228668,14.53796539,15.59970276,21.14142178,19.20187028,17.58209854,
Rwanda,RWA,"Central government debt, total (% of GDP)",GC.DOD.TOTL.GD.ZS,,,,,,,,,,,,,,,,,,,,,,,,,,,,,,,49.79692027,47.8601031,48.42897426,,,,,,,,,,,,,,,,,,,,,,,,,,,,,,,
South Asia,SAS,"Central government debt, total (% of GDP)",GC.DOD.TOTL.GD.ZS,,,,,,,,,,,,,,,,,,,,,,,,,,,,,,,55.10882588,54.35972404,53.79390673,56.08367211,51.37449695,49.3635521,47.59002596,51.71336232,54.64067189,53.02380822,56.41057669,58.23644658,61.48070298,60.99430972,63.92893884,63.09185988,60.55628987,58.27771033,57.0954415,56.35294478,52.03405593,52.18428125,51.27377082,50.99790607,50.60736892,50.84335234,47.67402944,47.62576916,46.56564716,,,,,
Saudi Arabia,SAU,"Central government debt, total (% of GDP)",GC.DOD.TOTL.GD.ZS,,,,,,,,,,,,,,,,,,,,,,,,,,,,,,,,,,,,,,,,,,,,,,,,,,,,,,,,,,,,,,,,
Sudan,SDN,"Central government debt, total (% of GDP)",GC.DOD.TOTL.GD.ZS,,,,,,,,,,,,,,,,,,,,,,,,,,,,,,,,,,,,,,,7.869491684,8.658732429,,,,,,,,,,,,,,,,,,,,,,,,
Senegal,SEN,"Central government debt, total (% of GDP)",GC.DOD.TOTL.GD.ZS,,,,,,,,,,,,,,,,,,,,,,,,,,,,,,,,,,,,,,,,,,,,,,,,,,,,,,,,,,,,,,,,
Singapore,SGP,"Central government debt, total (% of GDP)",GC.DOD.TOTL.GD.ZS,,,,,,,,,,,,,,,,,,,,,,,,,,,,,,,77.85531186,78.97732192,81.88275581,72.87963718,70.28183455,72.78049031,72.73533406,71.36072927,82.59911664,87.86037846,83.84229173,93.93631251,106.3325409,108.5899838,101.779019,94.96669378,82.83748054,77.2760743,96.40996475,106.3724683,101.4497824,104.7851838,107.8280936,99.44648886,99.60979867,103.3208398,109.0564224,109.3294184,110.7576026,127.8267457,151.5663247,150.1419128,157.3631093,
Solomon Islands,SLB,"Central government debt, total (% of GDP)",GC.DOD.TOTL.GD.ZS,,,,,,,,,,,,,,,,,,,,,,,,,,,,,,,,,,,,,,,,,,,,,,,,,,,,13.92680834,11.59243936,10.1052824,8.720339804,6.737625634,6.259588741,8.402457923,7.685645856,7.74418283,11.46390032,,15.39316607,
Sierra Leone,SLE,"Central government debt, total (% of GDP)",GC.DOD.TOTL.GD.ZS,,,,,,,,,,,,,,,,,,,,,,,,,,,,,,,,,,,,,,,,,,,,,,,,,,,,,,,,,,,,,,,,
El Salvador,SLV,"Central government debt, total (% of GDP)",GC.DOD.TOTL.GD.ZS,,,,,,,,,,,,,,,,,,,,,,,,,,,,,,,,,,,,,,,,,,,,,,,,,,,,,,61.85177909,50.31965586,50.71339581,51.46150109,54.47700289,51.67317747,53.43262972,69.96254994,65.97771453,,
San Marino,SMR,"Central government debt, total (% of GDP)",GC.DOD.TOTL.GD.ZS,,,,,,,,,,,,,,,,,,,,,,,,,,,,,,,,,,,,,,,,,,,17.44480815,31.4248291,37.70447581,45.83484761,53.59526502,50.26583771,50.73999846,52.50921482,62.06107407,50.9155959,54.98274003,47.49753199,53.21829336,56.46105849,56.90976323,53.5785287,56.16247047,52.134643,95.65503788,94.97453576,,
Somalia,SOM,"Central government debt, total (% of GDP)",GC.DOD.TOTL.GD.ZS,,,,,,,,,,,,,,,,,,,,,,,,,,,,,,,,,,,,,,,,,,,,,,,,,,,,,,,,,,,,,,,,
Serbia,SRB,"Central government debt, total (% of GDP)",GC.DOD.TOTL.GD.ZS,,,,,,,,,,,,,,,,,,,,,,,,,,,,,,,,,,,,,,,,,,,,,,,,,,,,,,,,,,,,,,,,
South Sudan,SSD,"Central government debt, total (% of GDP)",GC.DOD.TOTL.GD.ZS,,,,,,,,,,,,,,,,,,,,,,,,,,,,,,,,,,,,,,,,,,,,,,,,,,,,,,,,,,,,,,,,
Sao Tome and Principe,STP,"Central government debt, total (% of GDP)",GC.DOD.TOTL.GD.ZS,,,,,,,,,,,,,,,,,,,,,,,,,,,,,,,,,,,,,,,,,,,,,,,,,,,,,,,,,,,,,,,,
Suriname,SUR,"Central government debt, total (% of GDP)",GC.DOD.TOTL.GD.ZS,,,,,,,,,,,,,,,,,,,,,,,,,,,,,,,,,,,,,,,,,,,,,,,,,,,,,,,,,,,,,,,,
Slovak Republic,SVK,"Central government debt, total (% of GDP)",GC.DOD.TOTL.GD.ZS,,,,,,,,,,,,,,,,,,,,,,,,,,,,,,,,,,,,,,,37.06398228,47.43738583,53.94445171,53.36995841,47.47811516,45.67213181,44.10518805,38.61380134,36.60979828,34.99149159,34.03770555,42.04436507,45.56012091,48.58053773,58.48775229,63.21077128,65.8810865,64.83448553,66.41586188,64.35388113,63.78348018,63.11211149,78.32609648,78.8419015,64.50713215,
Slovenia,SVN,"Central government debt, total (% of GDP)",GC.DOD.TOTL.GD.ZS,,,,,,,,,,,,,,,,,,,,,,,,,,,,,,,,,,,,,,,,29.91660854,31.96701321,32.81874314,33.9419537,32.56263557,33.60596672,32.83686026,31.52390373,28.82034208,28.68384914,41.58452726,45.35681244,48.88882784,59.6101505,77.28164989,96.8584981,100.3494717,95.37505387,87.81816813,82.39888308,84.22780334,107.4305108,92.58225768,71.86194016,
Sweden,SWE,"Central government debt, total (% of GDP)",GC.DOD.TOTL.GD.ZS,,,,,,,,,,,,,,,,,,,,,,,,,,,,,,,,31.99348606,36.61367722,49.95592763,57.52924221,,85.68288018,87.96572409,87.86634803,77.83906692,70.27831726,60.86975797,59.47271638,58.18007502,57.59725305,57.86921908,51.63242856,45.69496892,45.64558959,46.92348512,43.3019148,43.68472373,43.51024796,45.16954245,49.45450857,47.43432063,46.18805621,43.94797165,42.26471976,38.67054128,44.02404031,40.49442292,36.25306055,
Eswatini,SWZ,"Central government debt, total (% of GDP)",GC.DOD.TOTL.GD.ZS,,,,,,,,,,,,,,,,,,,,,,,,,,,,,,,,,,,,,,,,22.71064208,,,,,,,,,,,12.73341076,12.51209498,12.88235657,,13.86244123,15.75973646,20.04145292,22.1829572,26.9820662,30.60913941,39.82728193,35.40166564,,
Sint Maarten (Dutch part),SXM,"Central government debt, total (% of GDP)",GC.DOD.TOTL.GD.ZS,,,,,,,,,,,,,,,,,,,,,,,,,,,,,,,,,,,,,,,,,,,,,,,,,,,,,,,,,,,,,,,,
Seychelles,SYC,"Central government debt, total (% of GDP)",GC.DOD.TOTL.GD.ZS,,,,,,,,,,,,,,,,,,,,,,,,,,,,,,,,,,,,,,,,,,,,,,,,,174.6843865,100.0316701,74.45706915,79.3554397,75.99630332,51.69741641,66.62458987,60.91225257,,,,,,,,
Syrian Arab Republic,SYR,"Central government debt, total (% of GDP)",GC.DOD.TOTL.GD.ZS,,,,,,,,,,,,,,,,,,,,,,,,,,,,,,,,,,,,,,,,,,,,,,,,,,,,,,,,,,,,,,,,
Turks and Caicos Islands,TCA,"Central government debt, total (% of GDP)",GC.DOD.TOTL.GD.ZS,,,,,,,,,,,,,,,,,,,,,,,,,,,,,,,,,,,,,,,,,,,,,,,,,,,,,,,,,,,,,,,,
Chad,TCD,"Central government debt, total (% of GDP)",GC.DOD.TOTL.GD.ZS,,,,,,,,,,,,,,,,,,,,,,,,,,,,,,,,,,,,,,,,,,,,,,,,,,,,,,,,,,,,,,,,
Togo,TGO,"Central government debt, total (% of GDP)",GC.DOD.TOTL.GD.ZS,,,,,,,,,,,,,,,,,,,,,,,,,,,,,,,,,,,,,,,,,,,,,,,,,,,,,,,,,,,,,,,,
Thailand,THA,"Central government debt, total (% of GDP)",GC.DOD.TOTL.GD.ZS,,,,,,,,,,,,,,,,,,,,,,,,,,,,,,,,,,,,,,,,,,,30.07035627,27.04601837,24.3963998,25.45812828,24.38065915,22.99346683,22.45021726,26.7791952,26.90084554,28.1319763,28.44471602,,,,,,,,,,,
Tajikistan,TJK,"Central government debt, total (% of GDP)",GC.DOD.TOTL.GD.ZS,,,,,,,,,,,,,,,,,,,,,,,,,,,,,,,,,,,,,,,,151.5388848,114.076118,79.80407988,,,,,,,,,,,,,,,,,,,,,,
Turkmenistan,TKM,"Central government debt, total (% of GDP)",GC.DOD.TOTL.GD.ZS,,,,,,,,,,,,,,,,,,,,,,,,,,,,,,,,,,,,,,,,,,,,,,,,,,,,,,,,,,,,,,,,
Timor-Leste,TLS,"Central government debt, total (% of GDP)",GC.DOD.TOTL.GD.ZS,,,,,,,,,,,,,,,,,,,,,,,,,,,,,,,,,,,,,,,,,,,,,,,,,,,,,,,,,,,,,,,,
Tonga,TON,"Central government debt, total (% of GDP)",GC.DOD.TOTL.GD.ZS,,,,,,,,,,,,,,,,,,,,,,,,,,,,,,,,,,,,,,,,,,,,,,,,,,,,,,49.03808398,47.4764851,51.17607957,49.4146055,45.58308598,48.69682208,42.54780521,45.01577568,,,
Trinidad and Tobago,TTO,"Central government debt, total (% of GDP)",GC.DOD.TOTL.GD.ZS,,,,,,,,,,,,,,,,,,,,,,,,,,,,,,,,,,,,,,,,,,,,,,,16.80320685,15.92800424,,,,,,,,,,,,,,,,
Tunisia,TUN,"Central government debt, total (% of GDP)",GC.DOD.TOTL.GD.ZS,,,,,,,,,,,,,,,,,,,,,,,,,,,,,,,54.7703801,60.67271881,55.49913175,59.30982746,59.03451416,57.51826787,55.29651794,56.93532781,54.28174403,55.63863638,,,,,,,,,,,,,,,,,,,,,,,,
Turkiye,TUR,"Central government debt, total (% of GDP)",GC.DOD.TOTL.GD.ZS,,,,,,,,,,,,,,,,,,,,,,,,,,,,,,,,,,,,,,,,,,,,,,,,,42.30905759,50.23051783,47.07389271,41.44886102,39.92336549,34.98680124,34.59394478,32.30427285,33.39391776,33.07905238,31.9578599,36.70022262,43.18408045,43.54611946,36.09007785,
Tuvalu,TUV,"Central government debt, total (% of GDP)",GC.DOD.TOTL.GD.ZS,,,,,,,,,,,,,,,,,,,,,,,,,,,,,,,,,,,,,,,,,,,,,,,,,,,,,,,,,,,,,,,,
Tanzania,TZA,"Central government debt, total (% of GDP)",GC.DOD.TOTL.GD.ZS,,,,,,,,,,,,,,,,,,,,,,,,,,,,,,,,,,,,,,,,,,,,,,,,,,,,,,,,,,,,,,,,
Uganda,UGA,"Central government debt, total (% of GDP)",GC.DOD.TOTL.GD.ZS,,,,,,,,,,,,,,,,,,,,,,,,,,,,,,,,,,,,,,,,,,,,,,,,,,,,,,,,,,,34.67357099,38.47694531,44.18591431,51.30266235,53.89028306,
Ukraine,UKR,"Central government debt, total (% of GDP)",GC.DOD.TOTL.GD.ZS,,,,,,,,,,,,,,,,,,,,,,,,,,,,,,,,,,,,,,,,60.9764493,43.72978743,35.34021546,32.34378871,27.95459862,23.8855078,17.08776326,14.25592718,11.81520331,13.22995421,23.99003423,28.86663662,26.48082017,28.95861547,32.28934685,60.2874193,67.61813669,69.71349901,65.06500511,55.33812862,47.02037213,57.08420081,,,
Uruguay,URY,"Central government debt, total (% of GDP)",GC.DOD.TOTL.GD.ZS,,,,,,,,,,,,,,,,,,,,,,,,,,,,,,,,,,,,,,,,,,40.64333243,95.24767311,105.5828477,85.42559412,76.11415258,68.44943824,57.55757227,55.86619322,47.65146263,42.42798164,43.15133327,40.95497353,39.99822882,41.18059355,47.15301362,46.33467776,44.93383107,48.15556157,51.57607297,62.38401062,,,
United States,USA,"Central government debt, total (% of GDP)",GC.DOD.TOTL.GD.ZS,,,,,,,,,,,,,,,,,,,,,,,,,,,,,,39.1284002,40.93394357,44.06159728,46.05014442,48.24614033,47.35348217,47.20953529,46.74176855,44.11748247,41.12915443,37.72728802,33.26764187,52.44368016,53.86253846,56.25036551,56.66227341,56.53885742,55.46735161,55.6599219,63.81511215,75.84203748,84.96437398,89.54679478,93.64927461,95.32250561,95.45419851,95.95614522,97.92893485,97.02163491,98.44977246,100.1190443,124.7331772,118.8885019,110.3853317,
Uzbekistan,UZB,"Central government debt, total (% of GDP)",GC.DOD.TOTL.GD.ZS,,,,,,,,,,,,,,,,,,,,,,,,,,,,,,,,,,,,,,,,,,,,,,,,,,,,,,,,,,,,,,,,
St. Vincent and the Grenadines,VCT,"Central government debt, total (% of GDP)",GC.DOD.TOTL.GD.ZS,,,,,,,,,,,,,,,,,,,,,,,,,,,,,,,31.52590949,31.58246614,33.63180898,40.70993364,43.26406306,43.35341413,41.60800876,39.38316045,40.0388592,51.94608224,47.91189059,45.51155331,49.55342689,52.48280632,56.31325012,54.27042394,51.31649309,43.85712232,43.51450831,53.69823988,,,,,,,,,,,,,,
"Venezuela, RB",VEN,"Central government debt, total (% of GDP)",GC.DOD.TOTL.GD.ZS,,,,,,,,,,,,,,,,,,,,,,,,,,,,,,,,,,,,,,,,,,,,,,,,,,,,,,,,,,,,,,,,
British Virgin Islands,VGB,"Central government debt, total (% of GDP)",GC.DOD.TOTL.GD.ZS,,,,,,,,,,,,,,,,,,,,,,,,,,,,,,,,,,,,,,,,,,,,,,,,,,,,,,,,,,,,,,,,
Virgin Islands (U.S.),VIR,"Central government debt, total (% of GDP)",GC.DOD.TOTL.GD.ZS,,,,,,,,,,,,,,,,,,,,,,,,,,,,,,,,,,,,,,,,,,,,,,,,,,,,,,,,,,,,,,,,
Viet Nam,VNM,"Central government debt, total (% of GDP)",GC.DOD.TOTL.GD.ZS,,,,,,,,,,,,,,,,,,,,,,,,,,,,,,,,,,,,,,,,,,,,,,,,,,,,,,,,,,,,,,,,
Vanuatu,VUT,"Central government debt, total (% of GDP)",GC.DOD.TOTL.GD.ZS,,,,,,,,,,,,,,,,,,,,,,,,,,,,,,,23.41696596,,,,,24.18345079,22.3390411,23.35316079,28.40314527,27.30321163,,,,,,,,,,,,,,,,,,,,,,87.07208983,,
World,WLD,"Central government debt, total (% of GDP)",GC.DOD.TOTL.GD.ZS,,,,,,,,,,,,,,,,,,,,,,,,,,,,,,,,,,,,,,,,,,,,,,,,,65.2254401,74.97330182,78.82138864,82.45361693,86.148339,86.67706945,89.81389619,90.03713231,91.54545568,91.24573323,91.34095283,93.7942601,111.973864,107.6380656,97.97790587,
Samoa,WSM,"Central government debt, total (% of GDP)",GC.DOD.TOTL.GD.ZS,,,,,,,,,,,,,,,,,,,,,,,,,,,,,,,,,,,,,,,,,,,,,,,,,,,,,,,,,,,,,,,,
Kosovo,XKX,"Central government debt, total (% of GDP)",GC.DOD.TOTL.GD.ZS,,,,,,,,,,,,,,,,,,,,,,,,,,,,,,,,,,,,,,,,,,,,,,,,,,,,,,,,,,,,,,,,
"Yemen, Rep.",YEM,"Central government debt, total (% of GDP)",GC.DOD.TOTL.GD.ZS,,,,,,,,,,,,,,,,,,,,,,,,,,,,,,,,,,,,,,,,,,,,,,,,,,,,,,,,,,,,,,,,
South Africa,ZAF,"Central government debt, total (% of GDP)",GC.DOD.TOTL.GD.ZS,,,,,,,,,,,,,,,,,,,,,,,,,,,,,,,,,,,,,,,,,,,,,,,,,,,,,,,,48.68384243,49.72626333,51.88529271,54.76275256,60.71389496,72.09646895,70.52585354,73.00317012,
Zambia,ZMB,"Central government debt, total (% of GDP)",GC.DOD.TOTL.GD.ZS,,,,,,,,,,,,,,,,,,,,,,,,,,,,,,,244.3805364,277.530308,164.7007536,161.7860769,149.2098899,155.2792246,175.9344907,150.0725489,161.2321579,,,,,,,,,,,,17.32151148,18.04990936,23.48891928,24.22399414,44.39586759,49.40734735,46.43289358,52.28094184,59.71222117,61.93011738,103.5431523,71.41117617,,
Zimbabwe,ZWE,"Central government debt, total (% of GDP)",GC.DOD.TOTL.GD.ZS,,,,,,,,,,,,,,,,,,,,,,,,,,,,,,,,,,,,,,,,,,,,,,,,,,,,,,,,,,,,,,,,
